email,negocio,ciudad,vertical,asunto,cuerpo
info@gymdance.es,Gymdance,Getafe,pilates,Gymdance: 3 formas de salir más arriba en Google,"Hola Gymdance,

Soy Jordi, de Faro. Ayudamos a negocios como tu estudio en Getafe a salir más arriba en Google, justo donde la gente busca «pilates Getafe».

Le he echado un ojo a vuestra presencia y he visto un par de cosas que probablemente os están costando clientes (en reseñas, posición y ficha). Os he preparado un análisis gratis de 1 página con 3 mejoras concretas.

¿Os lo paso? Sin compromiso, lo veis y decidís.

Un saludo,
Jordi — Faro
https://faroseo.vercel.app

PD: si no os interesa, respondedme «baja» y no os vuelvo a escribir."
clinicadentalmilena@gmail.com,Clinica Dental Milena,Móstoles,dental,Clinica Dental Milena: 3 formas de salir más arriba en Google,"Hola Clinica Dental Milena,

Soy Jordi, de Faro. Ayudamos a negocios como tu clínica dental en Móstoles a salir más arriba en Google, justo donde la gente busca «dentista Móstoles».

Le he echado un ojo a vuestra presencia y he visto un par de cosas que probablemente os están costando clientes (en reseñas, posición y ficha). Os he preparado un análisis gratis de 1 página con 3 mejoras concretas.

¿Os lo paso? Sin compromiso, lo veis y decidís.

Un saludo,
Jordi — Faro
https://faroseo.vercel.app

PD: si no os interesa, respondedme «baja» y no os vuelvo a escribir."
dentifine@gmail.com,Clínica Dental,Madrid,dental,Clínica Dental: 3 formas de salir más arriba en Google,"Hola Clínica Dental,

Soy Jordi, de Faro. Ayudamos a negocios como tu clínica dental en Madrid a salir más arriba en Google, justo donde la gente busca «dentista Madrid».

Le he echado un ojo a vuestra presencia y he visto un par de cosas que probablemente os están costando clientes (en reseñas, posición y ficha). Os he preparado un análisis gratis de 1 página con 3 mejoras concretas.

¿Os lo paso? Sin compromiso, lo veis y decidís.

Un saludo,
Jordi — Faro
https://faroseo.vercel.app

PD: si no os interesa, respondedme «baja» y no os vuelvo a escribir."
clinicapasalodos@gmail.com,Clínica Dental Pasalodos,Barcelona,dental,Clínica Dental Pasalodos: 3 formas de salir más arriba en Google,"Hola Clínica Dental Pasalodos,

Soy Jordi, de Faro. Ayudamos a negocios como tu clínica dental en Barcelona a salir más arriba en Google, justo donde la gente busca «dentista Barcelona».

Le he echado un ojo a vuestra presencia y he visto un par de cosas que probablemente os están costando clientes (en reseñas, posición y ficha). Os he preparado un análisis gratis de 1 página con 3 mejoras concretas.

¿Os lo paso? Sin compromiso, lo veis y decidís.

Un saludo,
Jordi — Faro
https://faroseo.vercel.app

PD: si no os interesa, respondedme «baja» y no os vuelvo a escribir."
dentalbenimaclet@hotmail.com,Clinica +Dental Manises (Dra. Marco),Manises,dental,Clinica +Dental Manises (Dra. Marco): 3 formas de salir más arriba en Google,"Hola Clinica +Dental Manises (Dra. Marco),

Soy Jordi, de Faro. Ayudamos a negocios como tu clínica dental en Manises a salir más arriba en Google, justo donde la gente busca «dentista Manises».

Le he echado un ojo a vuestra presencia y he visto un par de cosas que probablemente os están costando clientes (en reseñas, posición y ficha). Os he preparado un análisis gratis de 1 página con 3 mejoras concretas.

¿Os lo paso? Sin compromiso, lo veis y decidís.

Un saludo,
Jordi — Faro
https://faroseo.vercel.app

PD: si no os interesa, respondedme «baja» y no os vuelvo a escribir."
info@campusdental.es,Campus Dental,Seville,dental,Campus Dental: 3 formas de salir más arriba en Google,"Hola Campus Dental,

Soy Jordi, de Faro. Ayudamos a negocios como tu clínica dental en Seville a salir más arriba en Google, justo donde la gente busca «dentista Seville».

Le he echado un ojo a vuestra presencia y he visto un par de cosas que probablemente os están costando clientes (en reseñas, posición y ficha). Os he preparado un análisis gratis de 1 página con 3 mejoras concretas.

¿Os lo paso? Sin compromiso, lo veis y decidís.

Un saludo,
Jordi — Faro
https://faroseo.vercel.app

PD: si no os interesa, respondedme «baja» y no os vuelvo a escribir."
info@guzmandental.es,GUZMAN DENTAL,Castilleja de Guzmán,dental,GUZMAN DENTAL: 3 formas de salir más arriba en Google,"Hola GUZMAN DENTAL,

Soy Jordi, de Faro. Ayudamos a negocios como tu clínica dental en Castilleja de Guzmán a salir más arriba en Google, justo donde la gente busca «dentista Castilleja de Guzmán».

Le he echado un ojo a vuestra presencia y he visto un par de cosas que probablemente os están costando clientes (en reseñas, posición y ficha). Os he preparado un análisis gratis de 1 página con 3 mejoras concretas.

¿Os lo paso? Sin compromiso, lo veis y decidís.

Un saludo,
Jordi — Faro
https://faroseo.vercel.app

PD: si no os interesa, respondedme «baja» y no os vuelvo a escribir."
info@clinicadentalavalles.es,Clínica Dental Ángel Vallés,Zaragoza,dental,Clínica Dental Ángel Vallés: 3 formas de salir más arriba en Google,"Hola Clínica Dental Ángel Vallés,

Soy Jordi, de Faro. Ayudamos a negocios como tu clínica dental en Zaragoza a salir más arriba en Google, justo donde la gente busca «dentista Zaragoza».

Le he echado un ojo a vuestra presencia y he visto un par de cosas que probablemente os están costando clientes (en reseñas, posición y ficha). Os he preparado un análisis gratis de 1 página con 3 mejoras concretas.

¿Os lo paso? Sin compromiso, lo veis y decidís.

Un saludo,
Jordi — Faro
https://faroseo.vercel.app

PD: si no os interesa, respondedme «baja» y no os vuelvo a escribir."
info@boclinic.es,Boclinic Dra Begoña Obensa,Zaragoza,estetica,Boclinic Dra Begoña Obensa: 3 formas de salir más arriba en Google,"Hola Boclinic Dra Begoña Obensa,

Soy Jordi, de Faro. Ayudamos a negocios como tu centro de estética en Zaragoza a salir más arriba en Google, justo donde la gente busca «centro de estética Zaragoza».

Le he echado un ojo a vuestra presencia y he visto un par de cosas que probablemente os están costando clientes (en reseñas, posición y ficha). Os he preparado un análisis gratis de 1 página con 3 mejoras concretas.

¿Os lo paso? Sin compromiso, lo veis y decidís.

Un saludo,
Jordi — Faro
https://faroseo.vercel.app

PD: si no os interesa, respondedme «baja» y no os vuelvo a escribir."
info@coema.org,Colegio de Dentistas de Málaga,Málaga,dental,Colegio de Dentistas de Málaga: 3 formas de salir más arriba en Google,"Hola Colegio de Dentistas de Málaga,

Soy Jordi, de Faro. Ayudamos a negocios como tu clínica dental en Málaga a salir más arriba en Google, justo donde la gente busca «dentista Málaga».

Le he echado un ojo a vuestra presencia y he visto un par de cosas que probablemente os están costando clientes (en reseñas, posición y ficha). Os he preparado un análisis gratis de 1 página con 3 mejoras concretas.

¿Os lo paso? Sin compromiso, lo veis y decidís.

Un saludo,
Jordi — Faro
https://faroseo.vercel.app

PD: si no os interesa, respondedme «baja» y no os vuelvo a escribir."
centrodentalntrsradelosangeles@gmail.com%20,Centro Dental Nuestra Señora De Los Ángeles,Sangonera la Verde,dental,Centro Dental Nuestra Señora De Los Ángeles: 3 formas de salir más arriba en Google,"Hola Centro Dental Nuestra Señora De Los Ángeles,

Soy Jordi, de Faro. Ayudamos a negocios como tu clínica dental en Sangonera la Verde a salir más arriba en Google, justo donde la gente busca «dentista Sangonera la Verde».

Le he echado un ojo a vuestra presencia y he visto un par de cosas que probablemente os están costando clientes (en reseñas, posición y ficha). Os he preparado un análisis gratis de 1 página con 3 mejoras concretas.

¿Os lo paso? Sin compromiso, lo veis y decidís.

Un saludo,
Jordi — Faro
https://faroseo.vercel.app

PD: si no os interesa, respondedme «baja» y no os vuelvo a escribir."
info@peluqueriadirecta.com,Peluquería Directa,Murcia,peluqueria,Peluquería Directa: 3 formas de salir más arriba en Google,"Hola Peluquería Directa,

Soy Jordi, de Faro. Ayudamos a negocios como tu peluquería en Murcia a salir más arriba en Google, justo donde la gente busca «peluquería Murcia».

Le he echado un ojo a vuestra presencia y he visto un par de cosas que probablemente os están costando clientes (en reseñas, posición y ficha). Os he preparado un análisis gratis de 1 página con 3 mejoras concretas.

¿Os lo paso? Sin compromiso, lo veis y decidís.

Un saludo,
Jordi — Faro
https://faroseo.vercel.app

PD: si no os interesa, respondedme «baja» y no os vuelvo a escribir."
tu@email.com,Dental Quetglas SLP,Palma,dental,Dental Quetglas SLP: 3 formas de salir más arriba en Google,"Hola Dental Quetglas SLP,

Soy Jordi, de Faro. Ayudamos a negocios como tu clínica dental en Palma a salir más arriba en Google, justo donde la gente busca «dentista Palma».

Le he echado un ojo a vuestra presencia y he visto un par de cosas que probablemente os están costando clientes (en reseñas, posición y ficha). Os he preparado un análisis gratis de 1 página con 3 mejoras concretas.

¿Os lo paso? Sin compromiso, lo veis y decidís.

Un saludo,
Jordi — Faro
https://faroseo.vercel.app

PD: si no os interesa, respondedme «baja» y no os vuelvo a escribir."
clinicanuriasanemeterio@yahoo.es,CLINICA DENTAL NURIA SAN EMETERIO,Sestao,dental,CLINICA DENTAL NURIA SAN EMETERIO: 3 formas de salir más arriba en Google,"Hola CLINICA DENTAL NURIA SAN EMETERIO,

Soy Jordi, de Faro. Ayudamos a negocios como tu clínica dental en Sestao a salir más arriba en Google, justo donde la gente busca «dentista Sestao».

Le he echado un ojo a vuestra presencia y he visto un par de cosas que probablemente os están costando clientes (en reseñas, posición y ficha). Os he preparado un análisis gratis de 1 página con 3 mejoras concretas.

¿Os lo paso? Sin compromiso, lo veis y decidís.

Un saludo,
Jordi — Faro
https://faroseo.vercel.app

PD: si no os interesa, respondedme «baja» y no os vuelvo a escribir."
info@clinicadentalrondoko.com,Clínica Dental Rondoko,Bilbao,dental,Clínica Dental Rondoko: 3 formas de salir más arriba en Google,"Hola Clínica Dental Rondoko,

Soy Jordi, de Faro. Ayudamos a negocios como tu clínica dental en Bilbao a salir más arriba en Google, justo donde la gente busca «dentista Bilbao».

Le he echado un ojo a vuestra presencia y he visto un par de cosas que probablemente os están costando clientes (en reseñas, posición y ficha). Os he preparado un análisis gratis de 1 página con 3 mejoras concretas.

¿Os lo paso? Sin compromiso, lo veis y decidís.

Un saludo,
Jordi — Faro
https://faroseo.vercel.app

PD: si no os interesa, respondedme «baja» y no os vuelvo a escribir."
contacto@clinicasreydental.es,Clínicas Reydental,Córdoba,dental,Clínicas Reydental: 3 formas de salir más arriba en Google,"Hola Clínicas Reydental,

Soy Jordi, de Faro. Ayudamos a negocios como tu clínica dental en Córdoba a salir más arriba en Google, justo donde la gente busca «dentista Córdoba».

Le he echado un ojo a vuestra presencia y he visto un par de cosas que probablemente os están costando clientes (en reseñas, posición y ficha). Os he preparado un análisis gratis de 1 página con 3 mejoras concretas.

¿Os lo paso? Sin compromiso, lo veis y decidís.

Un saludo,
Jordi — Faro
https://faroseo.vercel.app

PD: si no os interesa, respondedme «baja» y no os vuelvo a escribir."
tusdatos@deza-sa.com,Centro de estética Diva | Centro Comercial Zoco,Córdoba,estetica,Centro de estética Diva | Centro Comercial Zoco: 3 formas de salir más arriba en Google,"Hola Centro de estética Diva | Centro Comercial Zoco,

Soy Jordi, de Faro. Ayudamos a negocios como tu centro de estética en Córdoba a salir más arriba en Google, justo donde la gente busca «centro de estética Córdoba».

Le he echado un ojo a vuestra presencia y he visto un par de cosas que probablemente os están costando clientes (en reseñas, posición y ficha). Os he preparado un análisis gratis de 1 página con 3 mejoras concretas.

¿Os lo paso? Sin compromiso, lo veis y decidís.

Un saludo,
Jordi — Faro
https://faroseo.vercel.app

PD: si no os interesa, respondedme «baja» y no os vuelvo a escribir."
info@fisioterapialavega.com,Fisioterapia La Vega,Alcobendas,pilates,Fisioterapia La Vega: 3 formas de salir más arriba en Google,"Hola Fisioterapia La Vega,

Soy Jordi, de Faro. Ayudamos a negocios como tu estudio en Alcobendas a salir más arriba en Google, justo donde la gente busca «pilates Alcobendas».

Le he echado un ojo a vuestra presencia y he visto un par de cosas que probablemente os están costando clientes (en reseñas, posición y ficha). Os he preparado un análisis gratis de 1 página con 3 mejoras concretas.

¿Os lo paso? Sin compromiso, lo veis y decidís.

Un saludo,
Jordi — Faro
https://faroseo.vercel.app

PD: si no os interesa, respondedme «baja» y no os vuelvo a escribir."
info@ukiyo-room.es,Ukiyo Room Pilates,Madrid,pilates,Ukiyo Room Pilates: 3 formas de salir más arriba en Google,"Hola Ukiyo Room Pilates,

Soy Jordi, de Faro. Ayudamos a negocios como tu estudio en Madrid a salir más arriba en Google, justo donde la gente busca «pilates Madrid».

Le he echado un ojo a vuestra presencia y he visto un par de cosas que probablemente os están costando clientes (en reseñas, posición y ficha). Os he preparado un análisis gratis de 1 página con 3 mejoras concretas.

¿Os lo paso? Sin compromiso, lo veis y decidís.

Un saludo,
Jordi — Faro
https://faroseo.vercel.app

PD: si no os interesa, respondedme «baja» y no os vuelvo a escribir."
pidecita@fisioterapialogical.com,Clinica de Fisioterapia Madrid,Madrid,fisioterapia,Clinica de Fisioterapia Madrid: 3 formas de salir más arriba en Google,"Hola Clinica de Fisioterapia Madrid,

Soy Jordi, de Faro. Ayudamos a negocios como tu clínica de fisio en Madrid a salir más arriba en Google, justo donde la gente busca «fisioterapia Madrid».

Le he echado un ojo a vuestra presencia y he visto un par de cosas que probablemente os están costando clientes (en reseñas, posición y ficha). Os he preparado un análisis gratis de 1 página con 3 mejoras concretas.

¿Os lo paso? Sin compromiso, lo veis y decidís.

Un saludo,
Jordi — Faro
https://faroseo.vercel.app

PD: si no os interesa, respondedme «baja» y no os vuelvo a escribir."
info@2endansa.com,2enDansa,Barcelona,pilates,2enDansa: 3 formas de salir más arriba en Google,"Hola 2enDansa,

Soy Jordi, de Faro. Ayudamos a negocios como tu estudio en Barcelona a salir más arriba en Google, justo donde la gente busca «pilates Barcelona».

Le he echado un ojo a vuestra presencia y he visto un par de cosas que probablemente os están costando clientes (en reseñas, posición y ficha). Os he preparado un análisis gratis de 1 página con 3 mejoras concretas.

¿Os lo paso? Sin compromiso, lo veis y decidís.

Un saludo,
Jordi — Faro
https://faroseo.vercel.app

PD: si no os interesa, respondedme «baja» y no os vuelvo a escribir."
blancamene@clinicadentalmene.com,Clínica Dental Dra. Mené - Sobrarbe,Zaragoza,dental,Clínica Dental Dra. Mené - Sobrarbe: 3 formas de salir más arriba en Google,"Hola Clínica Dental Dra. Mené - Sobrarbe,

Soy Jordi, de Faro. Ayudamos a negocios como tu clínica dental en Zaragoza a salir más arriba en Google, justo donde la gente busca «dentista Zaragoza».

Le he echado un ojo a vuestra presencia y he visto un par de cosas que probablemente os están costando clientes (en reseñas, posición y ficha). Os he preparado un análisis gratis de 1 página con 3 mejoras concretas.

¿Os lo paso? Sin compromiso, lo veis y decidís.

Un saludo,
Jordi — Faro
https://faroseo.vercel.app

PD: si no os interesa, respondedme «baja» y no os vuelvo a escribir."
clinicadentalcarmeneguidazu@hotmail.com,Carmen Eguidazu Morosova,Bilbao,dental,Carmen Eguidazu Morosova: 3 formas de salir más arriba en Google,"Hola Carmen Eguidazu Morosova,

Soy Jordi, de Faro. Ayudamos a negocios como tu clínica dental en Bilbao a salir más arriba en Google, justo donde la gente busca «dentista Bilbao».

Le he echado un ojo a vuestra presencia y he visto un par de cosas que probablemente os están costando clientes (en reseñas, posición y ficha). Os he preparado un análisis gratis de 1 página con 3 mejoras concretas.

¿Os lo paso? Sin compromiso, lo veis y decidís.

Un saludo,
Jordi — Faro
https://faroseo.vercel.app

PD: si no os interesa, respondedme «baja» y no os vuelvo a escribir."
esteticanatural@arantzazubustamante.com,Arantzazu Bustamante,Areeta / Las Arenas,estetica,Arantzazu Bustamante: 3 formas de salir más arriba en Google,"Hola Arantzazu Bustamante,

Soy Jordi, de Faro. Ayudamos a negocios como tu centro de estética en Areeta / Las Arenas a salir más arriba en Google, justo donde la gente busca «centro de estética Areeta / Las Arenas».

Le he echado un ojo a vuestra presencia y he visto un par de cosas que probablemente os están costando clientes (en reseñas, posición y ficha). Os he preparado un análisis gratis de 1 página con 3 mejoras concretas.

¿Os lo paso? Sin compromiso, lo veis y decidís.

Un saludo,
Jordi — Faro
https://faroseo.vercel.app

PD: si no os interesa, respondedme «baja» y no os vuelvo a escribir."
info@pilatesh16.com,H16,Madrid,pilates,H16: 3 formas de salir más arriba en Google,"Hola H16,

Soy Jordi, de Faro. Ayudamos a negocios como tu estudio en Madrid a salir más arriba en Google, justo donde la gente busca «pilates Madrid».

Le he echado un ojo a vuestra presencia y he visto un par de cosas que probablemente os están costando clientes (en reseñas, posición y ficha). Os he preparado un análisis gratis de 1 página con 3 mejoras concretas.

¿Os lo paso? Sin compromiso, lo veis y decidís.

Un saludo,
Jordi — Faro
https://faroseo.vercel.app

PD: si no os interesa, respondedme «baja» y no os vuelvo a escribir."
teresabuenoruiz@gmail.com,Clínica Dental Móstoles Dra. Bueno - Peritaje dental,Móstoles,dental,Clínica Dental Móstoles Dra. Bueno - Peritaje dental: 3 formas de salir más arriba en Google,"Hola Clínica Dental Móstoles Dra. Bueno - Peritaje dental,

Soy Jordi, de Faro. Ayudamos a negocios como tu clínica dental en Móstoles a salir más arriba en Google, justo donde la gente busca «dentista Móstoles».

Le he echado un ojo a vuestra presencia y he visto un par de cosas que probablemente os están costando clientes (en reseñas, posición y ficha). Os he preparado un análisis gratis de 1 página con 3 mejoras concretas.

¿Os lo paso? Sin compromiso, lo veis y decidís.

Un saludo,
Jordi — Faro
https://faroseo.vercel.app

PD: si no os interesa, respondedme «baja» y no os vuelvo a escribir."
consulta@cirujanodental.es,Clínica Dental Dr.Hugo Fernández González,Madrid,dental,Clínica Dental Dr.Hugo Fernández González: 3 formas de salir más arriba en Google,"Hola Clínica Dental Dr.Hugo Fernández González,

Soy Jordi, de Faro. Ayudamos a negocios como tu clínica dental en Madrid a salir más arriba en Google, justo donde la gente busca «dentista Madrid».

Le he echado un ojo a vuestra presencia y he visto un par de cosas que probablemente os están costando clientes (en reseñas, posición y ficha). Os he preparado un análisis gratis de 1 página con 3 mejoras concretas.

¿Os lo paso? Sin compromiso, lo veis y decidís.

Un saludo,
Jordi — Faro
https://faroseo.vercel.app

PD: si no os interesa, respondedme «baja» y no os vuelvo a escribir."
cdlaslomas@yahoo.es,Clínica Dental Las Lomas,Móstoles,dental,Clínica Dental Las Lomas: 3 formas de salir más arriba en Google,"Hola Clínica Dental Las Lomas,

Soy Jordi, de Faro. Ayudamos a negocios como tu clínica dental en Móstoles a salir más arriba en Google, justo donde la gente busca «dentista Móstoles».

Le he echado un ojo a vuestra presencia y he visto un par de cosas que probablemente os están costando clientes (en reseñas, posición y ficha). Os he preparado un análisis gratis de 1 página con 3 mejoras concretas.

¿Os lo paso? Sin compromiso, lo veis y decidís.

Un saludo,
Jordi — Faro
https://faroseo.vercel.app

PD: si no os interesa, respondedme «baja» y no os vuelvo a escribir."
parreopeque@yahoo.es,Estética Especializada Parreño,Madrid,estetica,Estética Especializada Parreño: 3 formas de salir más arriba en Google,"Hola Estética Especializada Parreño,

Soy Jordi, de Faro. Ayudamos a negocios como tu centro de estética en Madrid a salir más arriba en Google, justo donde la gente busca «centro de estética Madrid».

Le he echado un ojo a vuestra presencia y he visto un par de cosas que probablemente os están costando clientes (en reseñas, posición y ficha). Os he preparado un análisis gratis de 1 página con 3 mejoras concretas.

¿Os lo paso? Sin compromiso, lo veis y decidís.

Un saludo,
Jordi — Faro
https://faroseo.vercel.app

PD: si no os interesa, respondedme «baja» y no os vuelvo a escribir."